{
  "balearic_fem": 0.11278625498642914,
  "balearic_male": 0.12166317755386791,
  "central_female": 0.16990968446368007,
  "central_male": 0.1727030939764207,
  "northern_female": 0.14567649649151773,
  "northern_male": 0.1669547608241373,
  "northwestern_female": 0.1358920323009778,
  "northwestern_male": 0.1669547608241373,
  "valencian_female": 0.1020663263505421,
  "valencian_male": 0.11370936696677297
}