{
  "balearic_fem": 0.11359961594841766,
  "balearic_male": 0.11899296322677468,
  "central_female": 0.1310817416234772,
  "central_male": 0.13356229984498608,
  "northern_female": 0.11409631653600222,
  "northern_male": 0.11398536288113992,
  "northwestern_female": 0.11049965844835198,
  "northwestern_male": 0.11398536288113992,
  "valencian_female": 0.1017072458845436,
  "valencian_male": 0.11146462211426142
}