{
  "balearic_fem": 0.14881823275236167,
  "balearic_male": 0.15591306164077412,
  "central_female": 0.13656219171811623,
  "central_male": 0.1380029013187795,
  "northern_female": 0.1138635726100923,
  "northern_male": 0.133005330084161,
  "northwestern_female": 0.1106182080254756,
  "northwestern_male": 0.133005330084161,
  "valencian_female": 0.14828780400480082,
  "valencian_male": 0.14186602290955871
}