{
  "balearic_fem": 0.45013941533549306,
  "balearic_male": 0.44587789388320687,
  "central_female": 0.3969527396176715,
  "central_male": 0.39855519997944444,
  "northern_female": 0.3483191830723603,
  "northern_male": 0.4020495823180958,
  "northwestern_female": 0.3478204743219642,
  "northwestern_male": 0.4020495823180958,
  "valencian_female": 0.44356526573437405,
  "valencian_male": 0.43688767005235624
}